{"cameraMode":{"drawMode":0,"name":"Shaded","section":"Shading Mode"},"sceneLighting":true,"audioPlay":false,"sceneViewState":{"showFog":true,"showMaterialUpdate":true,"showSkybox":true,"showFlares":true,"showImageEffects":true,"showParticleSystems":true},"in2DMode":false,"pivot":{"x":-1.7203474044799805,"y":-9.304081916809082,"z":-53.87998962402344},"rotation":{"x":-0.26267701387405398,"y":-0.192556694149971,"z":0.053583189845085147,"w":-0.9439862370491028},"size":105.5102310180664,"orthographic":false}