{"cameraMode":{"drawMode":0,"name":"Shaded","section":"Shading Mode"},"sceneLighting":true,"audioPlay":false,"sceneViewState":{"showFog":true,"showMaterialUpdate":true,"showSkybox":true,"showFlares":true,"showImageEffects":true,"showParticleSystems":true},"in2DMode":false,"pivot":{"x":-1.7203474044799805,"y":-9.304081916809082,"z":-53.87998962402344},"rotation":{"x":0.15325817465782166,"y":0.44249847531318667,"z":-0.07707839459180832,"w":0.8802340626716614},"size":109.26554107666016,"orthographic":false}